"BROKEN","EPIC","FAILED","FEATURE","PASSED","SKIPPED","STORY","UNKNOWN"
"0","","0","User API","1","0","Создание нового пользователя","0"
"0","","0","Products API","1","0","Получение списка всех брендов","0"
"0","","0","Cart","1","0","Удаление товаров из корзины","0"
"0","","0","Cart","1","0","Добавление товаров в корзину и проверка","0"
"0","","0","Login","1","0","Логин перед покупкой","0"
"0","","0","Cart","1","0","Поиск товара","0"
"0","","0","Products","1","0","Добавление рекомендованных товаров в корзину","0"
"0","","0","Products","2","0","Прокрутка страницы","0"
"0","","0","Products API","1","0","Получение списка всех товаров","0"
"0","","0","User API","1","0","Проверка существования пользователя с некорректными данными","0"
"0","","0","User API","1","0","Проверка существования пользователя с корректными данными","0"
"0","","0","Register","3","0","Регистрация перед покупкой","0"
"0","","0","Cart","3","0","Регистрация перед покупкой","0"
"0","","0","User API","1","0","Удаление существующего пользователя","0"
"0","","0","User API","0","1","Получние данных существующего пользователя через email","0"
"0","","0","User API","1","0","Проверка существования пользователя с пустым email","0"
"0","","0","Registration","1","0","Регистрация с существующим email","0"
"0","","0","Cart","1","0","Подписка на рассылку со страницы корзины","0"
"0","","0","Products API","1","2","Поиск товара по части имени","0"
"0","","0","Register","1","0","Регистрация со страницы корзины","0"
"0","","0","Cart","1","0","Регистрация со страницы корзины","0"
"0","","0","Contact Us","1","0","Отправка формы обратной связи","0"
"0","","0","Products","2","0","Фильтрация товаров","0"
"0","","0","Registration","1","0","Регистрация нового пользователя","0"
"0","","0","Products","1","0","Поиск товара","0"
"0","","0","Login","1","0","Успешный вход","0"
"0","","0","Products API","1","0","Отправка PUT запроса к Brands list api","0"
"0","","0","Cart","1","0","Добавление товара в корзину со страницы товара и проверка","0"
"0","","0","Products API","1","0","Отправка POST запроса к Products list api","0"
"0","","0","Products API","1","0","Поиск без тела запроса","0"
"0","","0","Login","1","0","Вход с неверными данными","0"
"0","","0","Products Page","1","0","Подписка на рассылку с главной страницы","0"
"0","","0","Products","1","0","Отправка отзыва на товар","0"
"0","","0","User API","1","0","Проверка существования пользователя методом delete","0"
"0","","0","User API","1","0","Обновление данных для существующего пользователя","0"
"0","","0","Products","1","0","Просмотр карточки товара","0"
