"DESCRIPTION","DURATION IN MS","NAME","PARENT SUITE","START TIME","STATUS","STOP TIME","SUB SUITE","SUITE","TEST CLASS","TEST METHOD"
"","1580","test_products_page","tests","Fri Oct 09 16:20:30 UTC 2026","passed","Fri Oct 09 16:20:32 UTC 2026","TestProductsPage","test_products_page","",""
"","1804","test_filter_product_by_brand","tests","Fri Oct 09 16:20:37 UTC 2026","passed","Fri Oct 09 16:20:39 UTC 2026","TestProductsPage","test_products_page","",""
"","85","test_verify_login_with_invalid_details","tests","Fri Oct 09 16:21:03 UTC 2026","passed","Fri Oct 09 16:21:03 UTC 2026","TestUserAPI","test_user_api","",""
"","75","test_verify_login_via_delete","tests","Fri Oct 09 16:21:03 UTC 2026","passed","Fri Oct 09 16:21:03 UTC 2026","TestUserAPI","test_user_api","",""
"","1615","test_search_product","tests","Fri Oct 09 16:20:32 UTC 2026","passed","Fri Oct 09 16:20:34 UTC 2026","TestProductsPage","test_products_page","",""
"","9740","test_verify_address_in_checkout","tests","Fri Oct 09 16:19:28 UTC 2026","passed","Fri Oct 09 16:19:38 UTC 2026","TestCartPage","test_cart_page","",""
"","179","test_get_user_details","tests","Fri Oct 09 16:21:03 UTC 2026","skipped","Fri Oct 09 16:21:03 UTC 2026","TestUserAPI","test_user_api","",""
"","83","test_verify_login_with_valid_details","tests","Fri Oct 09 16:21:02 UTC 2026","passed","Fri Oct 09 16:21:03 UTC 2026","TestUserAPI","test_user_api","",""
"","14276","test_login_user","tests","Fri Oct 09 16:19:58 UTC 2026","passed","Fri Oct 09 16:20:12 UTC 2026","TestLogin","test_login_page","",""
"","7137","test_login_before_checkout","tests","Fri Oct 09 16:20:19 UTC 2026","passed","Fri Oct 09 16:20:26 UTC 2026","TestLogin","test_login_page","",""
"","749","test_scrolling","tests","Fri Oct 09 16:20:44 UTC 2026","passed","Fri Oct 09 16:20:45 UTC 2026","TestProductsPage","test_products_page","",""
"","3471","test_signup_user","tests","Fri Oct 09 16:20:45 UTC 2026","passed","Fri Oct 09 16:20:49 UTC 2026","TestRegistration","test_registration_page","",""
"","4378","test_search_product_and_verify_cart","tests","Fri Oct 09 16:19:23 UTC 2026","passed","Fri Oct 09 16:19:28 UTC 2026","TestCartPage","test_cart_page","",""
"","1060","test_scrolling_with_angle_up","tests","Fri Oct 09 16:20:43 UTC 2026","passed","Fri Oct 09 16:20:44 UTC 2026","TestProductsPage","test_products_page","",""
"","124","test_blank_search_product","tests","Fri Oct 09 16:20:29 UTC 2026","passed","Fri Oct 09 16:20:29 UTC 2026","TestApiProducts","test_products_api","",""
"","62973","test_add_products_in_cart","tests","Fri Oct 09 16:18:00 UTC 2026","passed","Fri Oct 09 16:19:03 UTC 2026","TestCartPage","test_cart_page","",""
"","104","test_verify_login_without_email","tests","Fri Oct 09 16:21:03 UTC 2026","passed","Fri Oct 09 16:21:03 UTC 2026","TestUserAPI","test_user_api","",""
"","2172","test_contact_us_form","tests","Fri Oct 09 16:19:55 UTC 2026","passed","Fri Oct 09 16:19:57 UTC 2026","TestContacUsPage","test_contact_us_page","",""
"","100","test_post_all_products","tests","Fri Oct 09 16:20:28 UTC 2026","passed","Fri Oct 09 16:20:28 UTC 2026","TestApiProducts","test_products_api","",""
"","187","test_delete_user_account","tests","Fri Oct 09 16:21:03 UTC 2026","passed","Fri Oct 09 16:21:03 UTC 2026","TestUserAPI","test_user_api","",""
"","5193","test_remove_from_cart","tests","Fri Oct 09 16:19:17 UTC 2026","passed","Fri Oct 09 16:19:23 UTC 2026","TestCartPage","test_cart_page","",""
"","142","test_search_product[top]","tests","Fri Oct 09 16:20:28 UTC 2026","skipped","Fri Oct 09 16:20:28 UTC 2026","TestApiProducts","test_products_api","",""
"","267","test_get_all_products","tests","Fri Oct 09 16:20:28 UTC 2026","passed","Fri Oct 09 16:20:28 UTC 2026","TestApiProducts","test_products_api","",""
"","95","test_search_product[tshirt]","tests","Fri Oct 09 16:20:28 UTC 2026","skipped","Fri Oct 09 16:20:29 UTC 2026","TestApiProducts","test_products_api","",""
"","111","test_search_product[jean]","tests","Fri Oct 09 16:20:28 UTC 2026","passed","Fri Oct 09 16:20:28 UTC 2026","TestApiProducts","test_products_api","",""
"","681","test_subscribe_from_home","tests","Fri Oct 09 16:20:29 UTC 2026","passed","Fri Oct 09 16:20:30 UTC 2026","TestProductsPage","test_products_page","",""
"","1015","test_subscribe_from_cart","tests","Fri Oct 09 16:17:58 UTC 2026","passed","Fri Oct 09 16:17:59 UTC 2026","TestCartPage","test_cart_page","",""
"","94","test_get_all_brands","tests","Fri Oct 09 16:20:28 UTC 2026","passed","Fri Oct 09 16:20:28 UTC 2026","TestApiProducts","test_products_api","",""
"","89","test_create_user_account","tests","Fri Oct 09 16:21:03 UTC 2026","passed","Fri Oct 09 16:21:03 UTC 2026","TestUserAPI","test_user_api","",""
"","5512","test_incorrect_login_user","tests","Fri Oct 09 16:20:13 UTC 2026","passed","Fri Oct 09 16:20:18 UTC 2026","TestLogin","test_login_page","",""
"","1073","test_review_product","tests","Fri Oct 09 16:20:26 UTC 2026","passed","Fri Oct 09 16:20:27 UTC 2026","TestProductPage","test_product_page","",""
"","16241","test_download_invoice_after_purchase","tests","Fri Oct 09 16:19:38 UTC 2026","passed","Fri Oct 09 16:19:55 UTC 2026","TestCartPage","test_cart_page","",""
"","11491","test_register_before_checkout","tests","Fri Oct 09 16:20:51 UTC 2026","passed","Fri Oct 09 16:21:02 UTC 2026","TestRegistration","test_registration_page","",""
"","2259","test_add_recommended_products_to_cart","tests","Fri Oct 09 16:20:40 UTC 2026","passed","Fri Oct 09 16:20:42 UTC 2026","TestProductsPage","test_products_page","",""
"","2096","test_add_product_in_cart_from_product_page","tests","Fri Oct 09 16:19:03 UTC 2026","passed","Fri Oct 09 16:19:05 UTC 2026","TestCartPage","test_cart_page","",""
"","127","test_put_all_brands","tests","Fri Oct 09 16:20:28 UTC 2026","passed","Fri Oct 09 16:20:28 UTC 2026","TestApiProducts","test_products_api","",""
"","1078","test_signup_exist_email_user","tests","Fri Oct 09 16:20:49 UTC 2026","passed","Fri Oct 09 16:20:50 UTC 2026","TestRegistration","test_registration_page","",""
"","2503","test_filter_product_by_category","tests","Fri Oct 09 16:20:34 UTC 2026","passed","Fri Oct 09 16:20:37 UTC 2026","TestProductsPage","test_products_page","",""
"","10946","test_register_while_checkout","tests","Fri Oct 09 16:19:06 UTC 2026","passed","Fri Oct 09 16:19:17 UTC 2026","TestCartPage","test_cart_page","",""
"","176","test_update_user_account","tests","Fri Oct 09 16:21:03 UTC 2026","passed","Fri Oct 09 16:21:03 UTC 2026","TestUserAPI","test_user_api","",""
